Frequency,Amplitude
2016000000.0,-100.6920471191
2016000000.0,-101.0587768555
1993600000.0,-99.9293518066
2016000000.0,-100.9434127808
2016000000.0,-100.7698516846
2016000000.0,-100.9146957397
1990450000.0,-100.7039642334
2016000000.0,-100.8591308594
2016000000.0,-100.8914260864
2016000000.0,-100.9439849854
